requested_domain,target_table_or_object,schema_or_namespace,observed_evidence,key_or_columns_to_validate,classification,notes
archive_schema,atlas_schema_revisions,atlas_schema_revisions,"1 base table restored",revision table and primary key,CONFIRMED_CORRECT,"Live catalog inspected after restore"
archive_schema,public,public,"109 base tables; 12 views; 94 sequences; 38 public functions",application relations and functions,CONFIRMED_CORRECT,"Live catalog inspected after restore"
archive_schema,staging,staging,"4 base tables; 4 sequences; 5 indexes",sap_migration_batches and domain staging tables,CONFIRMED_CORRECT,"Live catalog inspected after restore"
archive_schema,all application relations,atlas_schema_revisions/public/staging,"114 base tables; 12 views; 98 sequences; 38 public functions; archive TOC 1642",relation kind/schema/object counts,CONFIRMED_CORRECT,"System and pg_toast relations excluded from application inventory"
invoice_headers,public.invoices,public,"969,665 rows; invoice_number unique; metadata.sap_doc_entry populated",invoice_number; metadata; currency_code; invoice_status; discount_amount; total_amount,CONFIRMED_DATA_MISMATCH,"Header discount and total aggregates reconcile; all target currencies are USD and source cancellation/type fields are not preserved"
invoice_lines,public.invoice_lines,public,"5,472,485 rows; unique(invoice_id,line_number); all metadata source pairs unique",invoice_id; line_number; product_id; quantity; unit_price; discount_amount; line_total; tax_amount; uom_id; tax_category_id,CONFIRMED_DATA_MISMATCH,"Line totals/tax reconcile; line discount and UOM/tax-reference fields are absent"
products,public.products,public,"16,955 rows; 16,955 distinct metadata.sap_item_code values",sku; category_id; brand_id; base_uom_id; metadata,CONFIRMED_CORRECT,"Source OITM count and distinct target SAP keys match; brand is NULL because source OMRG is absent"
categories,public.product_categories,public,"27 rows; all have SAP item-group metadata",code; name; parent_id; metadata,CONFIRMED_CORRECT,"Matches source OITB count"
product_types,public.products.product_type,public,"No separate product-type relation observed",product_type,OUT_OF_SCOPE_OR_INTENTIONALLY_IGNORED,"Product grouping is represented through categories; no separate SAP product-type path was found"
brands,public.brands,public,"0 rows; all 16,955 product brand_id values NULL",brand key/name,CONFIRMED_SOURCE_DATA_CONDITION,"Source OMRG is absent from Qadsiya_Dev"
units_of_measure,public.units_of_measure,public,"41 rows; 37 distinct source UOM keys plus generated/default entries",code; name; metadata.sap_uom_entry,CONFIRMED_CORRECT,"Source OUOM has 37 rows; four generated/default entries are target normalization"
uom_groups,public.uom_groups/public.uom_group_lines,public,"Relation exists; staged uom_groups batches are present",group code; conversion lines,CONFIRMED_CORRECT,"Detailed conversion semantics were not a primary parity defect in this sweep"
variants,public.product_variants,public,"No loaded product variant rows observed",product_id; variant key; sku,OUT_OF_SCOPE_OR_INTENTIONALLY_IGNORED,"No separate SAP variant migration path was confirmed"
barcodes,public.product_barcodes,public,"27,445 rows/distinct barcodes; source OBCD raw rows 27,591 but distinct codes 27,445",product_id; barcode,CONFIRMED_CORRECT,"Duplicate source barcode values are normalized by target uniqueness"
prices,public.price_lists/public.product_prices,public,"10 price lists; 16,686 positive-price product rows",price_list_id; product_id; price; currency_code,CONFIRMED_CORRECT,"Matches source OPLN and positive-price ITM1 slice"
taxes,public.tax_categories,public,"0 tax master rows; target tax_category_id/tax_rate NULL on all 5,472,485 invoice lines",tax code; rate; invoice-line reference,DOCUMENTATION_GAP,"Calculated tax amounts are populated and reconcile; tax master/reference migration is not represented"
inventory,public.inventory_stock,public,"158,466 rows; 7,203 distinct product/store pairs; every pair appears 22 times",product_id; store_id; quantity; metadata.sap_item_code; metadata.sap_whs_code,CONFIRMED_DATA_MISMATCH,"Source eligible OITW key set is 7,203; excess duplicate rows are 151,263"
warehouses,public.stores,public,"2 rows",code; name; metadata,CONFIRMED_CORRECT,"Matches source OWHS count"
storage_locations,public.storage_locations,public,"0 rows",code; store_id,CONFIRMED_SOURCE_DATA_CONDITION,"Source OBIN has 0 rows"
suppliers,public.suppliers,public,"387 rows; source-key coverage 387",supplier_code; business_partner_id,CONFIRMED_CORRECT,"Matches source supplier count"
customers,public.customers,public,"14 rows; source-key coverage 14",customer_code; business_partner_id,CONFIRMED_CORRECT,"Matches source customer count"
business_partners,public.business_partners,public,"401 rows; customer/supplier role counts 14/387",partner_code; roles,CONFIRMED_CORRECT,"Role split matches source OCRD"
partner_addresses,public.partner_addresses,public,"0 rows",partner_id; label; address,CONFIRMED_DATA_MISMATCH,"Source CRD1 contains 1 address row and no partner-address staging domain is present"
sales_orders,public.sales_orders_v2/public.sales_order_lines_v2,public,"1 header and 1 line",metadata.sap_doc_entry; line number,CONFIRMED_CORRECT,"Source ORDR/RDR1 counts are 1/1; legacy sales_orders relations are not the loaded target"
invoice_payments,public.invoice_payments,public,"0 rows; no incoming_payments staging domain",invoice_id; payment_number; payment_amount,CONFIRMED_DATA_MISMATCH,"Source has 961,745 positive AR invoice allocations across 1,329 payment documents"
purchase_documents,public.purchase_orders/public.purchase_order_lines,public,"99 headers; 1,755 lines",metadata.sap_doc_entry; po_number; supplier_id; store_id,CONFIRMED_CORRECT,"Matches source 2024-2025 loaded slice; supplier/store key mismatches are zero"
goods_receipts,public.goods_receipt_notes/public.goods_receipt_note_items,public,"7,128 headers; 73,639 lines",metadata.sap_doc_entry; purchase_order_id; purchase_order_line_id,CONFIRMED_DATA_MISMATCH,"Counts match loaded source slice; all target PO foreign keys are NULL, including 15 source PO-linked GRNs and 248 lines"
stock_movements,public.stock_movements,public,"2,710,151 rows; 2,163,651 distinct metadata.sap_trans_num values",metadata.sap_trans_num; product_id; from_store_id; to_store_id,CONFIRMED_DATA_MISMATCH,"Source eligible OINM slice is 2,163,651; excess duplicate rows are 546,500"
returns,public.sales_returns/public.sales_return_lines,public,"0 rows",source return key; invoice link,OUT_OF_SCOPE_OR_INTENTIONALLY_IGNORED,"Source ORIN/RIN1 are populated but no target migration domain is present"
currencies,public.currencies,public,"9 currency master rows; SAR exists",code; name,CONFIRMED_CORRECT,"Currency master contains source SAR; invoice currency mismatch is caused by mapping/default behavior"
promotions,public.promotions,public,"0 rows",promotion key; product/store relationship,OUT_OF_SCOPE_OR_INTENTIONALLY_IGNORED,"No SAP promotion migration path was confirmed"
reference_status,public invoice enums,public,"invoice_status: paid 969,612; sent 52; partially_paid 1; cancelled 0; invoice_type standard 969,665",status/type values,CONFIRMED_DATA_MISMATCH,"Source has 5,344 canceled Y/C documents and 31 service documents"
mapping_legacy_ids,invoices/invoice_lines/products/stock_movements metadata,public,"SAP source keys are present in JSON metadata; no external_id column is used for invoice reconciliation",metadata.sap_doc_entry; sap_line_num; sap_item_code; sap_trans_num,CONFIRMED_CORRECT,"Use metadata source keys in regression queries"
staging,staging.sap_migration_batches,staging,"Domains include invoices, inventory, stock_movements, products, etc.; invoices has 366 failed batches with record_count_sum 182,686 and empty error text",batch_id; domain; status; record_count; error_message,DOCUMENTATION_GAP,"Failed-batch diagnostics are insufficient to prove row loss; target invoice population is complete against source count"
staging,staging.sap_stores,staging,"0 rows",payload/staging key,CONFIRMED_SOURCE_DATA_CONDITION,"Table exists but this restored artifact did not contain rows"
staging,staging.sap_products,staging,"0 rows",payload/staging key,CONFIRMED_SOURCE_DATA_CONDITION,"Table exists but this restored artifact did not contain rows"
staging,staging.sap_inventory,staging,"0 rows",payload/staging key,CONFIRMED_SOURCE_DATA_CONDITION,"Table exists but inventory rows are represented in public.inventory_stock"
